[
    {
        "ParameterKey": "EnvironmentName",
        "ParameterValue": "UdacityCapstoneProject"
    },
    {
        "ParameterKey": "PublicSubnet1CIDR",
        "ParameterValue": "10.0.0.0/24"
    },
    {
        "ParameterKey": "PublicSubnet2CIDR",
        "ParameterValue": "10.0.1.0/24"
    },
    {
        "ParameterKey": "EKSIAMRoleName",
        "ParameterValue": "EKSRoleCapstone"
    },
    {
        "ParameterKey": "EKSClusterName",
        "ParameterValue": "EKSClusterCapstone"
    },
    {
        "ParameterKey": "EKSNodeRoleName",
        "ParameterValue": "EKSNodeRoleCapstone"
    }
]